alias AADLER     "Andy Adler <adler@ncf.ca>"
alias AALLAN     "Alasdair Allan <aa@astro.ex.ac.uk>"
alias AANZLOVAR  "Alfred Anzlovar <alfred.anzlovar@logon.si>"
alias AAR        "Alessandro Ranellucci <alex@primafila.net>"
alias AARDEN     "Bret Aarden <aarden.1@osu.edu>"
alias AARONJJ    "Aaron Johnson <solution@gina.net>"
alias AARONSCA   "Aaron M. Scarisbrick <aaronsca@hotmail.com>"
alias AASSAD     "Arnaud 'Arhuman' Assad <arhuman@hotmail.com>"
alias ABARCLAY   "Alan Barclay <gorilla@elaine.drink.com>"
alias AJOHNSON   "Andrew L. Johnson <andrew-johnson@shaw.ca>"
